topic,target_keyword,city,category,slug,phase
Cada cuánto bañar a un perro,cada cuanto bañar perro Santiago,Santiago,Baño,frecuencia-bano-perros,1
Qué champú usar para perros,shampoo adecuado perros Chile,Santiago,Cuidado,shampoo-correcto-perros,1
Señales de que tu perro necesita corte de pelo,señales corte pelo perro,Santiago,Peluquería,senales-corte-pelo-perro,1
Peluquería canina en Ñuñoa qué buscar y cómo elegir,peluquería canina Ñuñoa,Ñuñoa,Local,peluqueria-canina-nunoa,1
Auto lavado de perros en Ñuñoa,auto lavado perros Ñuñoa,Ñuñoa,Local,auto-lavado-perros-nunoa,1
Peluquería para gatos en Ñuñoa,peluquería gatos Ñuñoa,Ñuñoa,Gatos,peluqueria-gatos-nunoa,1
Cuánto cuesta bañar a un perro en Ñuñoa,precio peluquería canina Ñuñoa,Ñuñoa,Local,precio-peluqueria-canina-nunoa,1
Cómo bañar a un perro correctamente paso a paso,cómo bañar perro correctamente Chile,Santiago,Baño,como-banar-perro-correctamente,1
Errores comunes al bañar a tu perro,errores bañar perro,Santiago,Baño,errores-banar-perro,1
Cómo secar a tu perro después del baño,cómo secar perro después del baño,Santiago,Baño,como-secar-perro-despues-bano,1
Cómo cortar el pelo a un perro en casa,cómo cortar pelo perro,Santiago,Peluquería,como-cortar-pelo-perro,1
Cómo cortar las uñas a un perro sin hacerle daño,cómo cortar uñas perro Chile,Santiago,Salud,como-cortar-unas-perro,1
Cómo limpiar los oídos de un perro,cómo limpiar oídos perro,Santiago,Salud,como-limpiar-oidos-perro,1
Cómo cepillar a tu perro correctamente según su pelo,cómo cepillar perro,Santiago,Cuidado,como-cepillar-perro,1
Cómo evitar pulgas en perros de forma natural,cómo evitar pulgas perros Chile,Santiago,Salud,como-evitar-pulgas-perros,1
Cómo eliminar el mal olor en perros,cómo eliminar olor perro,Santiago,Salud,como-eliminar-olor-perro,1
Por qué mi perro huele mal aunque lo bañe,por qué perro huele mal,Santiago,Salud,por-que-mi-perro-huele-mal,1
Cómo cuidar la piel de tu perro y evitar irritaciones,cómo cuidar piel perro Chile,Santiago,Salud,como-cuidar-piel-perro,1
Cómo evitar nudos en el pelo de tu perro,cómo evitar nudos pelo perro,Santiago,Cuidado,como-evitar-nudos-pelo-perro,1
Problemas comunes de piel en perros y cómo tratarlos,problemas piel perros Chile,Santiago,Salud,problemas-piel-perros,1
Cómo mantener limpio a tu perro entre visitas al peluquero,cómo mantener limpio perro casa,Santiago,Cuidado,como-mantener-limpio-perro-casa,1
Cuidados básicos de higiene para perros,cuidados higiene perros Chile,Santiago,Cuidado,cuidados-higiene-perros,1
Cómo mantener tu casa limpia si tienes perro,casa limpia con perro Chile,Santiago,Cuidado,casa-limpia-con-perro,1
Cómo acostumbrar a tu perro al baño sin estrés,acostumbrar perro al baño,Santiago,Baño,acostumbrar-perro-bano,1
Cómo elegir una peluquería canina en Santiago,cómo elegir peluquería canina Santiago,Santiago,Peluquería,como-elegir-peluqueria-canina,1
Qué hacer si tu perro odia el baño,perro odia el baño qué hacer,Santiago,Baño,perro-odia-el-bano,1
Cómo reducir la caída de pelo en perros,cómo reducir caída pelo perro,Santiago,Cuidado,como-reducir-caida-pelo-perro,1
Cómo preparar a tu perro para la peluquería,preparar perro para peluquería,Santiago,Peluquería,preparar-perro-para-peluqueria,1
Las mejores zonas para pasear perros en Ñuñoa,zonas pasear perros Ñuñoa,Ñuñoa,Local,zonas-pasear-perros-nunoa,1
Servicios para mascotas en Ñuñoa guía completa,servicios mascotas Ñuñoa,Ñuñoa,Local,servicios-mascotas-nunoa,1
Guía completa para dueños de perros en Ñuñoa,guía dueños perros Ñuñoa,Ñuñoa,Local,guia-duenos-perros-nunoa,1
Tipos de pelaje en perros y cómo cuidar cada uno,tipos pelaje perros Chile,Santiago,Cuidado,tipos-pelaje-perros,1
Cómo cuidar perros de pelo largo,cuidar perros pelo largo Chile,Santiago,Cuidado,cuidar-perros-pelo-largo,1
Cómo cuidar perros de pelo corto,cuidar perros pelo corto Chile,Santiago,Cuidado,cuidar-perros-pelo-corto,1
Errores comunes al cuidar el pelaje del perro,errores cuidado pelaje perro,Santiago,Cuidado,errores-cuidado-pelaje,1
Checklist de higiene mensual para perros,checklist higiene perros Chile,Santiago,Cuidado,checklist-higiene-perros,1
Cuánto cuesta la peluquería canina en Santiago,cuanto cuesta peluqueria canina Santiago,Santiago,Precios,cuanto-cuesta-peluqueria-canina-santiago,1
Cuánto cuesta bañar a un perro en Santiago,precio baño perros Santiago,Santiago,Precios,cuanto-cuesta-banar-perro-santiago,1
Auto lavado vs peluquería canina cuál elegir,autolavado vs peluqueria canina Chile,Santiago,Comparación,autolavado-vs-peluqueria-canina,1
Peluquería en casa vs peluquería profesional,peluqueria en casa vs profesional perros,Santiago,Comparación,peluqueria-casa-vs-profesional,1
Cómo preparar a tu perro para el verano,preparar perro verano Chile,Santiago,Temporada,preparar-perro-verano,1
Cómo cuidar a tu perro en invierno,cuidar perro invierno Chile,Santiago,Temporada,cuidar-perro-invierno,1
Cómo bañar a un gato correctamente,como banar gato correctamente Chile,Santiago,Gatos,como-banar-gato,1
Cada cuánto bañar a un gato,cada cuanto banar gato Chile,Santiago,Gatos,cada-cuanto-banar-gato,1
Cómo cepillar a un gato de pelo largo,como cepillar gato pelo largo,Santiago,Gatos,como-cepillar-gato-pelo-largo,1
Señales de que tu gato necesita ir al peluquero,senales gato necesita peluquero,Santiago,Gatos,senales-gato-necesita-peluquero,1
Qué raza de perro necesita más cuidados de pelaje,razas perros mas cuidados pelaje Chile,Santiago,Razas,razas-perros-mas-cuidados-pelaje,1
Diferencia entre grooming y baño para perros,diferencia grooming bano perros,Santiago,Peluquería,diferencia-grooming-bano-perros,1
Cómo saber si tu peluquería canina es de confianza,peluqueria canina confianza señales,Santiago,Peluquería,como-saber-peluqueria-canina-confianza,1
