breed,breed_slug,topic,target_keyword,category,slug,phase
Labrador,labrador,Cómo bañar a un Labrador,como banar labrador,Razas,como-banar-labrador,2
Labrador,labrador,Cada cuánto bañar a un Labrador,cada cuanto banar labrador,Razas,cada-cuanto-banar-labrador,2
Labrador,labrador,Cómo cortar el pelo a un Labrador,como cortar pelo labrador,Razas,como-cortar-pelo-labrador,2
Labrador,labrador,Cómo cepillar a un Labrador,como cepillar labrador,Razas,como-cepillar-labrador,2
Labrador,labrador,Cómo evitar nudos en el pelo de un Labrador,como evitar nudos labrador,Razas,como-evitar-nudos-labrador,2
Labrador,labrador,Cómo limpiar los oídos de un Labrador,como limpiar oidos labrador,Razas,como-limpiar-oidos-labrador,2
Labrador,labrador,Cómo cortar las uñas de un Labrador,como cortar unas labrador,Razas,como-cortar-unas-labrador,2
Golden Retriever,golden-retriever,Cómo bañar a un Golden Retriever,como banar golden retriever,Razas,como-banar-golden-retriever,2
Golden Retriever,golden-retriever,Cada cuánto bañar a un Golden Retriever,cada cuanto banar golden retriever,Razas,cada-cuanto-banar-golden-retriever,2
Golden Retriever,golden-retriever,Cómo cortar el pelo a un Golden Retriever,como cortar pelo golden retriever,Razas,como-cortar-pelo-golden-retriever,2
Golden Retriever,golden-retriever,Cómo cepillar a un Golden Retriever,como cepillar golden retriever,Razas,como-cepillar-golden-retriever,2
Golden Retriever,golden-retriever,Cómo evitar nudos en el pelo de un Golden Retriever,como evitar nudos golden retriever,Razas,como-evitar-nudos-golden-retriever,2
Golden Retriever,golden-retriever,Cómo limpiar los oídos de un Golden Retriever,como limpiar oidos golden retriever,Razas,como-limpiar-oidos-golden-retriever,2
Golden Retriever,golden-retriever,Cómo cortar las uñas de un Golden Retriever,como cortar unas golden retriever,Razas,como-cortar-unas-golden-retriever,2
Poodle,poodle,Cómo bañar a un Poodle,como banar poodle Chile,Razas,como-banar-poodle,2
Poodle,poodle,Cada cuánto bañar a un Poodle,cada cuanto banar poodle,Razas,cada-cuanto-banar-poodle,2
Poodle,poodle,Cómo cortar el pelo a un Poodle,como cortar pelo poodle Chile,Razas,como-cortar-pelo-poodle,2
Poodle,poodle,Cómo cepillar a un Poodle,como cepillar poodle,Razas,como-cepillar-poodle,2
Poodle,poodle,Cómo evitar nudos en el pelo de un Poodle,como evitar nudos poodle,Razas,como-evitar-nudos-poodle,2
Poodle,poodle,Cómo limpiar los oídos de un Poodle,como limpiar oidos poodle,Razas,como-limpiar-oidos-poodle,2
Poodle,poodle,Cómo cortar las uñas de un Poodle,como cortar unas poodle,Razas,como-cortar-unas-poodle,2
Pastor Alemán,pastor-aleman,Cómo bañar a un Pastor Alemán,como banar pastor aleman Chile,Razas,como-banar-pastor-aleman,2
Pastor Alemán,pastor-aleman,Cada cuánto bañar a un Pastor Alemán,cada cuanto banar pastor aleman,Razas,cada-cuanto-banar-pastor-aleman,2
Pastor Alemán,pastor-aleman,Cómo cortar el pelo a un Pastor Alemán,como cortar pelo pastor aleman,Razas,como-cortar-pelo-pastor-aleman,2
Pastor Alemán,pastor-aleman,Cómo cepillar a un Pastor Alemán,como cepillar pastor aleman,Razas,como-cepillar-pastor-aleman,2
Pastor Alemán,pastor-aleman,Cómo evitar nudos en el pelo de un Pastor Alemán,como evitar nudos pastor aleman,Razas,como-evitar-nudos-pastor-aleman,2
Pastor Alemán,pastor-aleman,Cómo limpiar los oídos de un Pastor Alemán,como limpiar oidos pastor aleman,Razas,como-limpiar-oidos-pastor-aleman,2
Pastor Alemán,pastor-aleman,Cómo cortar las uñas de un Pastor Alemán,como cortar unas pastor aleman,Razas,como-cortar-unas-pastor-aleman,2
Schnauzer,schnauzer,Cómo bañar a un Schnauzer,como banar schnauzer Chile,Razas,como-banar-schnauzer,2
Schnauzer,schnauzer,Cada cuánto bañar a un Schnauzer,cada cuanto banar schnauzer,Razas,cada-cuanto-banar-schnauzer,2
Schnauzer,schnauzer,Cómo cortar el pelo a un Schnauzer,como cortar pelo schnauzer Chile,Razas,como-cortar-pelo-schnauzer,2
Schnauzer,schnauzer,Cómo cepillar a un Schnauzer,como cepillar schnauzer,Razas,como-cepillar-schnauzer,2
Schnauzer,schnauzer,Cómo evitar nudos en el pelo de un Schnauzer,como evitar nudos schnauzer,Razas,como-evitar-nudos-schnauzer,2
Schnauzer,schnauzer,Cómo limpiar los oídos de un Schnauzer,como limpiar oidos schnauzer,Razas,como-limpiar-oidos-schnauzer,2
Schnauzer,schnauzer,Cómo cortar las uñas de un Schnauzer,como cortar unas schnauzer,Razas,como-cortar-unas-schnauzer,2
Yorkshire Terrier,yorkshire,Cómo bañar a un Yorkshire Terrier,como banar yorkshire Chile,Razas,como-banar-yorkshire,2
Yorkshire Terrier,yorkshire,Cada cuánto bañar a un Yorkshire Terrier,cada cuanto banar yorkshire,Razas,cada-cuanto-banar-yorkshire,2
Yorkshire Terrier,yorkshire,Cómo cortar el pelo a un Yorkshire Terrier,como cortar pelo yorkshire Chile,Razas,como-cortar-pelo-yorkshire,2
Yorkshire Terrier,yorkshire,Cómo cepillar a un Yorkshire Terrier,como cepillar yorkshire,Razas,como-cepillar-yorkshire,2
Yorkshire Terrier,yorkshire,Cómo evitar nudos en el pelo de un Yorkshire Terrier,como evitar nudos yorkshire,Razas,como-evitar-nudos-yorkshire,2
Yorkshire Terrier,yorkshire,Cómo limpiar los oídos de un Yorkshire Terrier,como limpiar oidos yorkshire,Razas,como-limpiar-oidos-yorkshire,2
Yorkshire Terrier,yorkshire,Cómo cortar las uñas de un Yorkshire Terrier,como cortar unas yorkshire,Razas,como-cortar-unas-yorkshire,2
Shih Tzu,shih-tzu,Cómo bañar a un Shih Tzu,como banar shih tzu Chile,Razas,como-banar-shih-tzu,2
Shih Tzu,shih-tzu,Cada cuánto bañar a un Shih Tzu,cada cuanto banar shih tzu,Razas,cada-cuanto-banar-shih-tzu,2
Shih Tzu,shih-tzu,Cómo cortar el pelo a un Shih Tzu,como cortar pelo shih tzu Chile,Razas,como-cortar-pelo-shih-tzu,2
Shih Tzu,shih-tzu,Cómo cepillar a un Shih Tzu,como cepillar shih tzu,Razas,como-cepillar-shih-tzu,2
Shih Tzu,shih-tzu,Cómo evitar nudos en el pelo de un Shih Tzu,como evitar nudos shih tzu,Razas,como-evitar-nudos-shih-tzu,2
Shih Tzu,shih-tzu,Cómo limpiar los oídos de un Shih Tzu,como limpiar oidos shih tzu,Razas,como-limpiar-oidos-shih-tzu,2
Shih Tzu,shih-tzu,Cómo cortar las uñas de un Shih Tzu,como cortar unas shih tzu,Razas,como-cortar-unas-shih-tzu,2
Cocker Spaniel,cocker-spaniel,Cómo bañar a un Cocker Spaniel,como banar cocker spaniel Chile,Razas,como-banar-cocker-spaniel,2
Cocker Spaniel,cocker-spaniel,Cada cuánto bañar a un Cocker Spaniel,cada cuanto banar cocker spaniel,Razas,cada-cuanto-banar-cocker-spaniel,2
Cocker Spaniel,cocker-spaniel,Cómo cortar el pelo a un Cocker Spaniel,como cortar pelo cocker spaniel,Razas,como-cortar-pelo-cocker-spaniel,2
Cocker Spaniel,cocker-spaniel,Cómo cepillar a un Cocker Spaniel,como cepillar cocker spaniel,Razas,como-cepillar-cocker-spaniel,2
Cocker Spaniel,cocker-spaniel,Cómo evitar nudos en el pelo de un Cocker Spaniel,como evitar nudos cocker spaniel,Razas,como-evitar-nudos-cocker-spaniel,2
Cocker Spaniel,cocker-spaniel,Cómo limpiar los oídos de un Cocker Spaniel,como limpiar oidos cocker spaniel,Razas,como-limpiar-oidos-cocker-spaniel,2
Cocker Spaniel,cocker-spaniel,Cómo cortar las uñas de un Cocker Spaniel,como cortar unas cocker spaniel,Razas,como-cortar-unas-cocker-spaniel,2
Border Collie,border-collie,Cómo bañar a un Border Collie,como banar border collie Chile,Razas,como-banar-border-collie,2
Border Collie,border-collie,Cada cuánto bañar a un Border Collie,cada cuanto banar border collie,Razas,cada-cuanto-banar-border-collie,2
Border Collie,border-collie,Cómo cortar el pelo a un Border Collie,como cortar pelo border collie,Razas,como-cortar-pelo-border-collie,2
Border Collie,border-collie,Cómo cepillar a un Border Collie,como cepillar border collie,Razas,como-cepillar-border-collie,2
Border Collie,border-collie,Cómo evitar nudos en el pelo de un Border Collie,como evitar nudos border collie,Razas,como-evitar-nudos-border-collie,2
Border Collie,border-collie,Cómo limpiar los oídos de un Border Collie,como limpiar oidos border collie,Razas,como-limpiar-oidos-border-collie,2
Border Collie,border-collie,Cómo cortar las uñas de un Border Collie,como cortar unas border collie,Razas,como-cortar-unas-border-collie,2
Husky Siberiano,husky,Cómo bañar a un Husky Siberiano,como banar husky Chile,Razas,como-banar-husky,2
Husky Siberiano,husky,Cada cuánto bañar a un Husky Siberiano,cada cuanto banar husky,Razas,cada-cuanto-banar-husky,2
Husky Siberiano,husky,Cómo cortar el pelo a un Husky Siberiano,como cortar pelo husky Chile,Razas,como-cortar-pelo-husky,2
Husky Siberiano,husky,Cómo cepillar a un Husky Siberiano,como cepillar husky,Razas,como-cepillar-husky,2
Husky Siberiano,husky,Cómo evitar nudos en el pelo de un Husky Siberiano,como evitar nudos husky,Razas,como-evitar-nudos-husky,2
Husky Siberiano,husky,Cómo limpiar los oídos de un Husky Siberiano,como limpiar oidos husky,Razas,como-limpiar-oidos-husky,2
Husky Siberiano,husky,Cómo cortar las uñas de un Husky Siberiano,como cortar unas husky,Razas,como-cortar-unas-husky,2
Chihuahua,chihuahua,Cómo bañar a un Chihuahua,como banar chihuahua Chile,Razas,como-banar-chihuahua,2
Chihuahua,chihuahua,Cada cuánto bañar a un Chihuahua,cada cuanto banar chihuahua,Razas,cada-cuanto-banar-chihuahua,2
Chihuahua,chihuahua,Cómo cortar el pelo a un Chihuahua,como cortar pelo chihuahua,Razas,como-cortar-pelo-chihuahua,2
Chihuahua,chihuahua,Cómo cepillar a un Chihuahua,como cepillar chihuahua,Razas,como-cepillar-chihuahua,2
Chihuahua,chihuahua,Cómo evitar nudos en el pelo de un Chihuahua,como evitar nudos chihuahua,Razas,como-evitar-nudos-chihuahua,2
Chihuahua,chihuahua,Cómo limpiar los oídos de un Chihuahua,como limpiar oidos chihuahua,Razas,como-limpiar-oidos-chihuahua,2
Chihuahua,chihuahua,Cómo cortar las uñas de un Chihuahua,como cortar unas chihuahua,Razas,como-cortar-unas-chihuahua,2
Beagle,beagle,Cómo bañar a un Beagle,como banar beagle Chile,Razas,como-banar-beagle,2
Beagle,beagle,Cada cuánto bañar a un Beagle,cada cuanto banar beagle,Razas,cada-cuanto-banar-beagle,2
Beagle,beagle,Cómo cortar el pelo a un Beagle,como cortar pelo beagle,Razas,como-cortar-pelo-beagle,2
Beagle,beagle,Cómo cepillar a un Beagle,como cepillar beagle,Razas,como-cepillar-beagle,2
Beagle,beagle,Cómo evitar nudos en el pelo de un Beagle,como evitar nudos beagle,Razas,como-evitar-nudos-beagle,2
Beagle,beagle,Cómo limpiar los oídos de un Beagle,como limpiar oidos beagle,Razas,como-limpiar-oidos-beagle,2
Beagle,beagle,Cómo cortar las uñas de un Beagle,como cortar unas beagle,Razas,como-cortar-unas-beagle,2
Maltés,maltes,Cómo bañar a un Maltés,como banar maltes Chile,Razas,como-banar-maltes,2
Maltés,maltes,Cada cuánto bañar a un Maltés,cada cuanto banar maltes,Razas,cada-cuanto-banar-maltes,2
Maltés,maltes,Cómo cortar el pelo a un Maltés,como cortar pelo maltes Chile,Razas,como-cortar-pelo-maltes,2
Maltés,maltes,Cómo cepillar a un Maltés,como cepillar maltes,Razas,como-cepillar-maltes,2
Maltés,maltes,Cómo evitar nudos en el pelo de un Maltés,como evitar nudos maltes,Razas,como-evitar-nudos-maltes,2
Maltés,maltes,Cómo limpiar los oídos de un Maltés,como limpiar oidos maltes,Razas,como-limpiar-oidos-maltes,2
Maltés,maltes,Cómo cortar las uñas de un Maltés,como cortar unas maltes,Razas,como-cortar-unas-maltes,2
Bichón Frisé,bichon,Cómo bañar a un Bichón Frisé,como banar bichon frise Chile,Razas,como-banar-bichon,2
Bichón Frisé,bichon,Cada cuánto bañar a un Bichón Frisé,cada cuanto banar bichon frise,Razas,cada-cuanto-banar-bichon,2
Bichón Frisé,bichon,Cómo cortar el pelo a un Bichón Frisé,como cortar pelo bichon frise,Razas,como-cortar-pelo-bichon,2
Bichón Frisé,bichon,Cómo cepillar a un Bichón Frisé,como cepillar bichon frise,Razas,como-cepillar-bichon,2
Bichón Frisé,bichon,Cómo evitar nudos en el pelo de un Bichón Frisé,como evitar nudos bichon,Razas,como-evitar-nudos-bichon,2
Bichón Frisé,bichon,Cómo limpiar los oídos de un Bichón Frisé,como limpiar oidos bichon,Razas,como-limpiar-oidos-bichon,2
Bichón Frisé,bichon,Cómo cortar las uñas de un Bichón Frisé,como cortar unas bichon,Razas,como-cortar-unas-bichon,2
Pug,pug,Cómo bañar a un Pug,como banar pug Chile,Razas,como-banar-pug,2
Pug,pug,Cada cuánto bañar a un Pug,cada cuanto banar pug,Razas,cada-cuanto-banar-pug,2
Pug,pug,Cómo limpiar los pliegues de un Pug,como limpiar pliegues pug,Razas,como-limpiar-pliegues-pug,2
Pug,pug,Cómo cepillar a un Pug,como cepillar pug,Razas,como-cepillar-pug,2
Pug,pug,Cómo limpiar los oídos de un Pug,como limpiar oidos pug,Razas,como-limpiar-oidos-pug,2
Pug,pug,Cómo cortar las uñas de un Pug,como cortar unas pug,Razas,como-cortar-unas-pug,2
Pug,pug,Cuidados básicos de higiene del Pug,cuidados higiene pug Chile,Razas,cuidados-higiene-pug,2
Boxer,boxer,Cómo bañar a un Boxer,como banar boxer Chile,Razas,como-banar-boxer,2
Boxer,boxer,Cada cuánto bañar a un Boxer,cada cuanto banar boxer,Razas,cada-cuanto-banar-boxer,2
Boxer,boxer,Cómo cepillar a un Boxer,como cepillar boxer,Razas,como-cepillar-boxer,2
Boxer,boxer,Cómo limpiar los oídos de un Boxer,como limpiar oidos boxer,Razas,como-limpiar-oidos-boxer,2
Boxer,boxer,Cómo cortar las uñas de un Boxer,como cortar unas boxer,Razas,como-cortar-unas-boxer,2
Boxer,boxer,Cuidados de higiene del Boxer,cuidados higiene boxer Chile,Razas,cuidados-higiene-boxer,2
Boxer,boxer,Cómo mantener limpio a un Boxer,como mantener limpio boxer,Razas,como-mantener-limpio-boxer,2
